{
  "feature_names": [
    "clause_var_ratio",
    "degree_mean",
    "degree_std",
    "clustering",
    "spectral_gap",
    "backbone_fraction",
    "resolution_lb_est",
    "vsids_variance"
  ],
  "values": [
    4.0,
    12.0,
    3.592922335521728,
    0.9207792207792208,
    13.0,
    0.0,
    4.392317422778761,
    12.909090909090908
  ],
  "metadata": {
    "num_clauses": 44,
    "num_vars": 11
  }
}