{
  "feature_names": [
    "clause_var_ratio",
    "degree_mean",
    "degree_std",
    "clustering",
    "spectral_gap",
    "backbone_fraction",
    "resolution_lb_est",
    "vsids_variance"
  ],
  "values": [
    10.0,
    30.0,
    5.986094998689324,
    0.9848484848484849,
    23.0,
    0.0,
    5.491853096329675,
    35.833333333333336
  ],
  "metadata": {
    "num_clauses": 120,
    "num_vars": 12
  }
}