{
  "feature_names": [
    "clause_var_ratio",
    "degree_mean",
    "degree_std",
    "clustering",
    "spectral_gap",
    "backbone_fraction",
    "resolution_lb_est",
    "vsids_variance"
  ],
  "values": [
    4.0,
    12.0,
    3.3416562759605704,
    0.8862554112554113,
    12.0,
    0.0,
    4.247927513443585,
    11.166666666666666
  ],
  "metadata": {
    "num_clauses": 48,
    "num_vars": 12
  }
}